name,description,processed_tokens,tags,views,comments
"Steven Johnson: How the ""ghost map"" helped end a killer disease","Author Steven Johnson takes us on a 10-minute tour of <i>The Ghost Map</i>, his book about a cholera outbreak in 1854 London and the impact it had on science, cities and modern society.","['author', 'steven', 'johnson', 'take', '10', 'minute', 'tour', '<', '>', 'ghost', 'map</i', '>', 'book', 'cholera', 'outbreak', '1854', 'london', 'impact', 'science', 'city', 'modern', 'society']","['cities', 'culture', 'design', 'disease', 'health', 'history', 'map', 'science', 'urban planning']",684519,47
Raspyni Brothers: Juggle and jest,"Illustrious jugglers the Raspyni Brothers show off their uncanny balance, agility, coordination and willingness to sacrifice (others). Now, if you'll just stand completely still...","['illustrious', 'juggler', 'raspyni', 'brothers', 'uncanny', 'balance', 'agility', 'coordination', 'willingness', 'sacrifice', 'stand', 'completely']","['collaboration', 'entertainment', 'humor', 'physics']",807628,84
Andrew Youn: 3 reasons why we can win the fight against poverty,"Half of the world's poorest people have something in common: they're small farmers. In this eye-opening talk, activist Andrew Youn shows how his group, One Acre Fund, is helping these farmers lift themselves out of poverty by delivering to them life-sustaining farm services that are already in use all over the world. Enter this talk believing we'll never be able to solve hunger and extreme poverty, and leave it with a new understanding of the scale of the world's biggest problems.","['half', 'world', 'poor', 'people', 'common', 'small', 'farmer', 'eye', 'opening', 'talk', 'activist', 'andrew', 'youn', 'show', 'group', 'acre', 'fund', 'help', 'farmer', 'lift', 'poverty', 'deliver', 'life', 'sustain', 'farm', 'service', 'use', 'world', 'enter', 'talk', 'believe', 'able', 'solve', 'hunger', 'extreme', 'poverty', 'leave', 'new', 'understanding', 'scale', 'world', 'big', 'problem']","['Africa', 'activism', 'agriculture', 'community', 'farming', 'food', 'future', 'global development', 'global issues', 'innovation', 'poverty', 'society']",1173235,70
Seyi Oyesola: A hospital tour in Nigeria,Dr. Seyi Oyesola takes a searing look at health care in underdeveloped countries. His photo tour of a Nigerian teaching hospital -- all low-tech hacks and donated supplies -- drives home the challenge of doing basic health care there.,"['dr.', 'seyi', 'oyesola', 'take', 'searing', 'look', 'health', 'care', 'underdeveloped', 'country', 'photo', 'tour', 'nigerian', 'teaching', 'hospital', 'low', 'tech', 'hack', 'donate', 'supply', 'drive', 'home', 'challenge', 'basic', 'health', 'care']","['activism', 'design', 'health', 'health care', 'invention', 'public health', 'technology']",230569,49
Morgana Bailey: The danger of hiding who you are,"Morgana Bailey has been hiding her true self for 16 years. In a brave talk, she utters four words that might not seem like a big deal to some, but to her have been paralyzing. Why speak up? Because she's realized that her silence has personal, professional and societal consequences. In front of an audience of her co-workers, she reflects on what it means to fear the judgment of others, and how it makes us judge ourselves.","['morgana', 'bailey', 'hide', 'true', 'self', '16', 'year', 'brave', 'talk', 'utter', 'word', 'like', 'big', 'deal', 'paralyze', 'speak', 'realize', 'silence', 'personal', 'professional', 'societal', 'consequence', 'audience', 'co', 'worker', 'reflect', 'mean', 'fear', 'judgment', 'make', 'judge']","['Gender equality', 'LGBT', 'business', 'social change', 'work']",2647157,181
Michael Norton: How to buy happiness,"At TEDxCambridge, Michael Norton shares fascinating research on how money can indeed buy happiness -- when you don't spend it on yourself. Listen for surprising data on the many ways pro-social spending can benefit you, your work, and (of course) other people.","['tedxcambridge', 'michael', 'norton', 'share', 'fascinating', 'research', 'money', 'buy', 'happiness', 'spend', 'listen', 'surprising', 'datum', 'way', 'pro', 'social', 'spending', 'benefit', 'work', 'course', 'people']","['TEDx', 'business', 'community', 'consumerism', 'happiness', 'money', 'philanthropy', 'psychology']",3539952,409
Tasso Azevedo: Hopeful lessons from the battle to save rainforests,"""Save the rainforest"" is an environmental slogan as old as time — but Tasso Azevedo catches us up on how the fight is actually going these days. Spurred by the jaw-dropping losses of the 1990s, new laws (and transparent data) are helping slow the rate of deforestation in Brazil. Is it enough? Not yet. He has five ideas about what we should do next. And he asks if the lessons learned in Brazil could be applied to an even bigger problem: global climate change.","['save', 'rainforest', 'environmental', 'slogan', 'old', 'time', 'tasso', 'azevedo', 'catch', 'fight', 'actually', 'go', 'day', 'spur', 'jaw', 'drop', 'loss', '1990', 'new', 'law', 'transparent', 'datum', 'help', 'slow', 'rate', 'deforestation', 'brazil', 'idea', 'ask', 'lesson', 'learn', 'brazil', 'apply', 'big', 'problem', 'global', 'climate', 'change']","['climate change', 'conservation', 'ecology', 'environment', 'green', 'plants', 'politics', 'science', 'social change', 'sustainability', 'trees']",877692,22
Natalie Jeremijenko: The art of the eco-mindshift,"Natalie Jeremijenko's unusual lab puts art to work, and addresses environmental woes by combining engineering know-how with public art and a team of volunteers. These real-life experiments include: Walking tadpoles, texting ""fish,"" planting fire-hydrant gardens and more.","['natalie', 'jeremijenko', 'unusual', 'lab', 'put', 'art', 'work', 'address', 'environmental', 'woe', 'combine', 'engineer', 'know', 'public', 'art', 'team', 'volunteer', 'real', 'life', 'experiment', 'include', 'walk', 'tadpole', 'texte', 'fish', 'plant', 'fire', 'hydrant', 'garden']","['art', 'collaboration', 'design', 'engineering', 'environment', 'performance art', 'technology']",414028,69
Rives: The Museum of Four in the Morning,"Beware: Rives has a contagious obsession with 4 a.m. At TED2007, the poet shared what was then a minor fixation with a time that kept popping up everywhere. After the talk, emails starting pouring in with an avalanche of hilarious references—from the cover of ""Crochet Today!"" magazine to the opening scene of ""The Metamorphosis."" A lyrical peek into his Museum of Four in the Morning, which overflows with treasures.","['beware', 'rive', 'contagious', 'obsession', '4', 'a.m.', 'ted2007', 'poet', 'share', 'minor', 'fixation', 'time', 'keep', 'pop', 'talk', 'email', 'start', 'pour', 'avalanche', 'hilarious', 'reference', 'cover', 'crochet', 'today', 'magazine', 'opening', 'scene', 'metamorphosis', 'lyrical', 'peek', 'museum', 'morning', 'overflow', 'treasure']","['entertainment', 'humor', 'online video', 'spoken word', 'storytelling']",1827375,170
Yossi Vardi: We're worried about local warming ... in your lap,"Investor and prankster Yossi Vardi delivers a ballsy lecture on the dangers of blogging. Specifically, for men.","['investor', 'prankster', 'yossi', 'vardi', 'deliver', 'ballsy', 'lecture', 'danger', 'blogging', 'specifically', 'man']","['comedy', 'humor']",933311,71
Suzanne Talhouk: Don't kill your language,"More and more, English is a global language; speaking it is perceived as a sign of being modern. But -- what do we lose when we leave behind our mother tongues? Suzanne Talhouk makes an impassioned case to love your own language, and to cherish what it can express that no other language can. In Arabic with subtitles.","['english', 'global', 'language', 'speak', 'perceive', 'sign', 'modern', 'lose', 'leave', 'mother', 'tongue', 'suzanne', 'talhouk', 'make', 'impassioned', 'case', 'love', 'language', 'cherish', 'express', 'language', 'arabic', 'subtitle']","['TEDx', 'culture', 'language', 'poetry']",1233104,345
Karen Tse: How to stop torture,"Political prisoners aren't the only ones being tortured -- the vast majority of judicial torture happens in ordinary cases, even in 'functioning' legal systems. Social activist Karen Tse shows how we can, and should, stand up and end the use of routine torture.","['political', 'prisoner', 'one', 'torture', 'vast', 'majority', 'judicial', 'torture', 'happen', 'ordinary', 'case', 'function', 'legal', 'system', 'social', 'activist', 'karen', 'tse', 'show', 'stand', 'end', 'use', 'routine', 'torture']","['global issues', 'law', 'politics', 'prison', 'war']",532416,108
Steven Schwaitzberg: A universal translator for surgeons,"Laparoscopic surgery uses minimally invasive incisions -- which means less pain and shorter recovery times for patients. But Steven Schwaitzberg has run into two problems teaching these techniques to surgeons around the world: language and distance. He shares how a new technology, which combines videoconferencing and a real-time universal translator, could help.","['laparoscopic', 'surgery', 'use', 'minimally', 'invasive', 'incision', 'mean', 'pain', 'short', 'recovery', 'time', 'patient', 'steven', 'schwaitzberg', 'run', 'problem', 'teach', 'technique', 'surgeon', 'world', 'language', 'distance', 'share', 'new', 'technology', 'combine', 'videoconferencing', 'real', 'time', 'universal', 'translator', 'help']","['Surgery', 'TEDx', 'health care', 'medicine', 'technology']",497489,73
Steve Truglia: A leap from the edge of space,"At his day job, Steve Truglia flips cars, walks through fire and falls out of buildings -- pushing technology to make stunts bigger, safer, more awesome. He talks us through his next stunt: the highest jump ever attempted, from the very edge of space.","['day', 'job', 'steve', 'truglia', 'flip', 'car', 'walk', 'fire', 'fall', 'building', 'push', 'technology', 'stunt', 'big', 'safe', 'awesome', 'talk', 'stunt', 'high', 'jump', 'attempt', 'edge', 'space']","['entertainment', 'film', 'space', 'sports', 'technology']",571893,60
Philip Zimbardo: The psychology of evil,"Philip Zimbardo knows how easy it is for nice people to turn bad. In this talk, he shares insights and graphic unseen photos from the Abu Ghraib trials. Then he talks about the flip side: how easy it is to be a hero, and how we can rise to the challenge.","['philip', 'zimbardo', 'know', 'easy', 'nice', 'people', 'turn', 'bad', 'talk', 'share', 'insight', 'graphic', 'unseen', 'photo', 'abu', 'ghraib', 'trial', 'talk', 'flip', 'easy', 'hero', 'rise', 'challenge']","['children', 'crime', 'culture', 'education', 'evil', 'global issues', 'peace', 'prison', 'psychology']",5842377,383
Mikko Hypponen: How the NSA betrayed the world's trust -- time to act,"Recent events have highlighted, underlined and bolded the fact that the United States is performing blanket surveillance on any foreigner whose data passes through an American entity -- whether they are suspected of wrongdoing or not. This means that, essentially, every international user of the internet is being watched, says Mikko Hypponen. An important rant, wrapped with a plea: to find alternative solutions to using American companies for the world's information needs.","['recent', 'event', 'highlight', 'underline', 'bolde', 'fact', 'united', 'states', 'perform', 'blanket', 'surveillance', 'foreigner', 'datum', 'pass', 'american', 'entity', 'suspect', 'wrongdoing', 'mean', 'essentially', 'international', 'user', 'internet', 'watch', 'say', 'mikko', 'hypponen', 'important', 'rant', 'wrap', 'plea', 'find', 'alternative', 'solution', 'american', 'company', 'world', 'information', 'need']","['Internet', 'Surveillance', 'computers', 'global issues', 'security', 'technology', 'terrorism']",1535238,515
Fawn Qiu: Easy DIY projects for kid engineers,"TED Resident Fawn Qiu designs fun, low-cost projects that use familiar materials like paper and fabric to introduce engineering to kids. In this quick, clever talk, she shares how nontraditional workshops like hers can change the perception of technology and inspire students to participate in creating it.","['ted', 'resident', 'fawn', 'qiu', 'design', 'fun', 'low', 'cost', 'project', 'use', 'familiar', 'material', 'like', 'paper', 'fabric', 'introduce', 'engineering', 'kid', 'quick', 'clever', 'talk', 'share', 'nontraditional', 'workshop', 'like', 'change', 'perception', 'technology', 'inspire', 'student', 'participate', 'create']","['TED Residency', 'children', 'computers', 'creativity', 'design', 'education', 'engineering', 'innovation', 'invention', 'personal growth', 'programming', 'teaching', 'technology']",1047389,18
Raghava KK: What's your 200-year plan?,"You might have a 5-year plan, but what about a 200-year plan? Artist Raghava KK has set his eyes on an ultra-long-term horizon; at TEDxSummit, he shows how it helps guide today's choices and tomorrow's goals -- and encourages you to make your own 200-year plan too.","['5', 'year', 'plan', '200', 'year', 'plan', 'artist', 'raghava', 'kk', 'set', 'eye', 'ultra', 'long', 'term', 'horizon', 'tedxsummit', 'show', 'help', 'guide', 'today', 'choice', 'tomorrow', 'goal', 'encourage', '200', 'year', 'plan']","['TEDx', 'art', 'entertainment', 'goal-setting', 'life', 'social media', 'storytelling', 'technology']",811778,56
Jessa Gamble: Our natural sleep cycle is nothing like what we do now,"In today's world, balancing school, work, kids and more, most of us can only hope for the recommended eight hours of sleep. Examining the science behind our body's internal clock, Jessa Gamble reveals the surprising and substantial program of rest we should be observing.","['today', 'world', 'balance', 'school', 'work', 'kid', 'hope', 'recommend', 'hour', 'sleep', 'examine', 'science', 'body', 'internal', 'clock', 'jessa', 'gamble', 'reveal', 'surprising', 'substantial', 'program', 'rest', 'observe']","['evolution', 'humanity', 'personal growth', 'science', 'self']",2244295,241
Robyn Stein DeLuca: The good news about PMS,"Everybody knows that most women go a little crazy right before they get their period, that their reproductive hormones cause their emotions to fluctuate wildly. Except: There's very little scientific consensus about premenstrual syndrome. Says psychologist Robyn Stein DeLuca, science doesn't agree on the definition, cause, treatment or even existence of PMS. She explores what we know and don't know about it -- and why the popular myth has persisted.","['everybody', 'know', 'woman', 'little', 'crazy', 'right', 'period', 'reproductive', 'hormone', 'cause', 'emotion', 'fluctuate', 'wildly', 'little', 'scientific', 'consensus', 'premenstrual', 'syndrome', 'say', 'psychologist', 'robyn', 'stein', 'deluca', 'science', 'agree', 'definition', 'cause', 'treatment', 'existence', 'pms', 'explore', 'know', 'know', 'popular', 'myth', 'persist']","['TEDx', 'depression', 'psychology', 'women']",1290746,156
Ray Kurzweil: A university for the coming singularity,"Ray Kurzweil's latest graphs show that technology's breakneck advances will only accelerate -- recession or not. He unveils his new project, Singularity University, to study oncoming tech and guide it to benefit humanity.","['ray', 'kurzweil', 'late', 'graph', 'technology', 'breakneck', 'advance', 'accelerate', 'recession', 'unveil', 'new', 'project', 'singularity', 'university', 'study', 'oncoming', 'tech', 'guide', 'benefit', 'humanity']","['TED Brain Trust', 'computers', 'education', 'future', 'nanoscale', 'prediction', 'science', 'technology']",908923,145
Mitchell Besser: Mothers helping mothers fight HIV,"In sub-Saharan Africa, HIV infections are more prevalent and doctors scarcer than anywhere else in the world. With a lack of medical professionals, Mitchell Besser enlisted the help of his patients to create mothers2mothers -- an extraordinary network of HIV-positive women whose support for each other is changing and saving lives.","['sub', 'saharan', 'africa', 'hiv', 'infection', 'prevalent', 'doctor', 'scarcer', 'world', 'lack', 'medical', 'professional', 'mitchell', 'besser', 'enlist', 'help', 'patient', 'create', 'mothers2mother', 'extraordinary', 'network', 'hiv', 'positive', 'woman', 'support', 'change', 'save', 'life']","['AIDS', 'Africa', 'community', 'health', 'health care', 'women']",235221,40
Brené Brown: Listening to shame,"Shame is an unspoken epidemic, the secret behind many forms of broken behavior. Brené Brown, whose earlier talk on vulnerability became a viral hit, explores what can happen when people confront their shame head-on. Her own humor, humanity and vulnerability shine through every word.","['shame', 'unspoken', 'epidemic', 'secret', 'form', 'broken', 'behavior', 'brené', 'brown', 'early', 'talk', 'vulnerability', 'viral', 'hit', 'explore', 'happen', 'people', 'confront', 'shame', 'head', 'humor', 'humanity', 'vulnerability', 'shine', 'word']","['brain', 'culture', 'psychology', 'self']",7988894,707
Gustavo Dudamel and the Teresa Carreño Youth Orchestra: El Sistema's top youth orchestra,"The Teresa Carreño Youth Orchestra contains the best high school musicians from Venezuela's life-changing music program, El Sistema. Led here by Gustavo Dudamel, they play Shostakovich's Symphony No. 10, 2nd movement, and Arturo Márquez' Danzón No. 2.","['teresa', 'carreño', 'youth', 'orchestra', 'contain', 'good', 'high', 'school', 'musician', 'venezuela', 'life', 'change', 'music', 'program', 'el', 'sistema', 'lead', 'gustavo', 'dudamel', 'play', 'shostakovich', 'symphony', '10', '2nd', 'movement', 'arturo', 'márquez', 'danzón', '2']","['TED Prize', 'children', 'conducting', 'culture', 'education', 'entertainment', 'live music', 'music', 'performance']",2062308,204
Helen Fisher: The brain in love,"Why do we crave love so much, even to the point that we would die for it? To learn more about our very real, very physical need for romantic love, Helen Fisher and her research team took MRIs of people in love -- and people who had just been dumped.","['crave', 'love', 'point', 'die', 'learn', 'real', 'physical', 'need', 'romantic', 'love', 'helen', 'fisher', 'research', 'team', 'take', 'mris', 'people', 'love', 'people', 'dump']","['brain', 'cognitive science', 'culture', 'literature', 'love', 'poetry', 'psychology', 'relationships', 'science', 'technology']",4883112,229
"Frank Gehry: A master architect asks, Now what?","In a wildly entertaining discussion with Richard Saul Wurman, architect Frank Gehry gives TEDsters his take on the power of failure, his recent buildings, and the all-important ""Then what?"" factor.","['wildly', 'entertaining', 'discussion', 'richard', 'saul', 'wurman', 'architect', 'frank', 'gehry', 'give', 'tedsters', 'power', 'failure', 'recent', 'building', 'important', 'factor']","['architecture', 'business', 'creativity', 'culture', 'design', 'interview', 'invention']",959382,39
Siegfried Woldhek: The search for the true face of Leonardo,<i>Mona Lisa</i> is one of the best-known faces on the planet. But would you recognize an image of Leonardo da Vinci? Illustrator Siegfried Woldhek uses some thoughtful image-analysis techniques to find what he believes is the true face of Leonardo.,"['<', '>', 'mona', 'lisa</i', '>', 'well', 'know', 'face', 'planet', 'recognize', 'image', 'leonardo', 'da', 'vinci', 'illustrator', 'siegfried', 'woldhek', 'use', 'thoughtful', 'image', 'analysis', 'technique', 'find', 'believe', 'true', 'face', 'leonardo']","['art', 'demo', 'design', 'entertainment', 'history', 'technology']",1224127,82
Robin Morgan: 4 powerful poems about Parkinson's and growing older,"When poet Robin Morgan found herself facing Parkinson’s disease, she distilled her experiences into these four quietly powerful poems — meditating on age, loss, and the simple power of noticing.","['poet', 'robin', 'morgan', 'find', 'face', 'parkinson', 'disease', 'distil', 'experience', 'quietly', 'powerful', 'poem', 'meditate', 'age', 'loss', 'simple', 'power', 'noticing']","['aging', 'disease', 'health', 'personal growth', 'poetry']",1004539,12
Ray Kurzweil: The accelerating power of technology,"Inventor, entrepreneur and visionary Ray Kurzweil explains in abundant, grounded detail why, by the 2020s, we will have reverse-engineered the human brain and nanobots will be operating your consciousness.","['inventor', 'entrepreneur', 'visionary', 'ray', 'kurzweil', 'explain', 'abundant', 'ground', 'detail', '2020s', 'reverse', 'engineer', 'human', 'brain', 'nanobot', 'operate', 'consciousness']","['TED Brain Trust', 'biotech', 'business', 'culture', 'future', 'invention', 'robots', 'science', 'technology']",2434344,233
Ameera Harouda: Why I put myself in danger to tell the stories of Gaza,"When Ameera Harouda hears the sounds of bombs or shells, she heads straight towards them. ""I want to be there first because these stories should be told,"" says Gaza's first female ""fixer,"" a role that allows her to guide journalists into chaotic, war zone scenarios in her home country, which she still loves despite its terrible situation. Find out what motivates Harouda to give a voice to Gaza's human suffering in this unforgettable talk.","['ameera', 'harouda', 'hear', 'sound', 'bomb', 'shell', 'head', 'straight', 'want', 'story', 'tell', 'say', 'gaza', 'female', 'fixer', 'role', 'allow', 'guide', 'journalist', 'chaotic', 'war', 'zone', 'scenario', 'home', 'country', 'love', 'despite', 'terrible', 'situation', 'find', 'motivate', 'harouda', 'voice', 'gaza', 'human', 'suffering', 'unforgettable', 'talk']","['choice', 'communication', 'fear', 'film', 'journalism', 'media', 'poverty', 'security', 'violence', 'war', 'women']",961423,139
Marlene Zuk: What we learn from insects' sex lives,"In this enlightening, funny talk, Marlene Zuk shares just some of the ways that insects are truly astonishing -- and not least for the creative ways they have sex.","['enlightening', 'funny', 'talk', 'marlene', 'zuk', 'share', 'way', 'insect', 'truly', 'astonishing', 'creative', 'way', 'sex']","['animals', 'biodiversity', 'biology', 'gender', 'humor', 'insects', 'science', 'sex']",1441565,27
Mary Bassett: Why your doctor should care about social justice,"In Zimbabwe in the 1980s, Mary Bassett witnessed the AIDS epidemic firsthand, and she helped set up a clinic to treat and educate local people about the deadly virus. But looking back, she regrets not sounding the alarm for the real problem: the structural inequities embedded in the world's political and economic organizations, inequities that make marginalized people more vulnerable. These same structural problems exist in the United States today, and as New York City's Health Commissioner, Bassett is using every chance she has to rally support for health equity and speak out against racism. ""We don't have to have all the answers to call for change,"" she says. ""We just need courage.""","['zimbabwe', '1980', 'mary', 'bassett', 'witness', 'aids', 'epidemic', 'firsthand', 'help', 'set', 'clinic', 'treat', 'educate', 'local', 'people', 'deadly', 'virus', 'look', 'regret', 'sound', 'alarm', 'real', 'problem', 'structural', 'inequity', 'embed', 'world', 'political', 'economic', 'organization', 'inequity', 'marginalize', 'people', 'vulnerable', 'structural', 'problem', 'exist', 'united', 'states', 'today', 'new', 'york', 'city', 'health', 'commissioner', 'bassett', 'chance', 'rally', 'support', 'health', 'equity', 'speak', 'racism', 'answer', 'change', 'say', 'need', 'courage']","['AIDS', 'Africa', 'TEDMED', 'United States', 'big problems', 'disease', 'global issues', 'government', 'health', 'health care', 'illness', 'inequality', 'medical research', 'medicine', 'public health', 'race', 'social change', 'virus']",1072558,57
Andrew Stanton: The clues to a great story,"Filmmaker Andrew Stanton (""Toy Story,"" ""WALL-E"") shares what he knows about storytelling -- starting at the end and working back to the beginning. Contains graphic language ... (Note: this talk is not available for download.)","['filmmaker', 'andrew', 'stanton', 'toy', 'story', 'wall', 'e', 'share', 'know', 'storytelle', 'start', 'end', 'work', 'beginning', 'contain', 'graphic', 'language', 'note', 'talk', 'available', 'download']","['animation', 'art', 'entertainment', 'film', 'storytelling']",2702500,247
Steve Jurvetson: Model rocketry,"Moneyman Steve Jurvetson takes TEDsters inside his awesome hobby -- launching model rockets –- by sharing some gorgeous photos, his infectious glee and just a whiff of danger.","['moneyman', 'steve', 'jurvetson', 'take', 'tedsters', 'inside', 'awesome', 'hobby', 'launch', 'model', 'rocket', 'share', 'gorgeous', 'photo', 'infectious', 'glee', 'whiff', 'danger']","['TED Brain Trust', 'children', 'design', 'entertainment', 'parenting', 'photography', 'rocket science', 'space', 'toy']",412154,26
Michael Pawlyn: Using nature's genius in architecture,"How can architects build a new world of sustainable beauty? By learning from nature. Michael Pawlyn describes three habits of nature that could transform architecture and society: radical resource efficiency, closed loops, and drawing energy from the sun.","['architect', 'build', 'new', 'world', 'sustainable', 'beauty', 'learn', 'nature', 'michael', 'pawlyn', 'describe', 'habit', 'nature', 'transform', 'architecture', 'society', 'radical', 'resource', 'efficiency', 'closed', 'loop', 'draw', 'energy', 'sun']","['architecture', 'biomimicry', 'design', 'science and art', 'sustainability']",1740568,229
Dean Kamen: To invent is to give,Inventor Dean Kamen lays out his argument for the Segway and offers a peek into his next big ideas (portable energy and water purification for developing countries).,"['inventor', 'dean', 'kamen', 'lay', 'argument', 'segway', 'offer', 'peek', 'big', 'idea', 'portable', 'energy', 'water', 'purification', 'develop', 'country']","['business', 'cars', 'industrial design', 'innovation', 'invention', 'robots', 'science', 'social change', 'sustainability', 'technology', 'transportation']",680134,130
Adam Savage: My obsession with objects and the stories they tell,"Adam Savage talks about his fascination with the dodo bird, and how it led him on a strange and surprising double quest. It's an entertaining adventure through the mind of a creative obsessive.","['adam', 'savage', 'talk', 'fascination', 'dodo', 'bird', 'lead', 'strange', 'surprising', 'double', 'quest', 'entertaining', 'adventure', 'mind', 'creative', 'obsessive']","['animals', 'art', 'birds', 'creativity', 'entertainment', 'exploration', 'film', 'technology']",1697809,104
Nagin Cox: What time is it on Mars?,"Nagin Cox is a first-generation Martian. As a spacecraft engineer at NASA's Jet Propulsion Laboratory, Cox works on the team that manages the United States' rovers on Mars. But working a 9-to-5 on another planet -- whose day is 40 minutes longer than Earth's -- has particular, often comical challenges.","['nagin', 'cox', 'generation', 'martian', 'spacecraft', 'engineer', 'nasa', 'jet', 'propulsion', 'laboratory', 'cox', 'work', 'team', 'manage', 'united', 'states', 'rover', 'mars', 'work', '9', 'to-5', 'planet', 'day', '40', 'minute', 'long', 'earth', 'particular', 'comical', 'challenge']","['Mars', 'NASA', 'TEDx', 'United States', 'adventure', 'aircraft', 'collaboration', 'communication', 'discovery', 'engineering', 'exploration', 'future', 'humanity', 'innovation', 'programming', 'robots', 'science', 'solar system', 'technology', 'universe']",1374091,66
Stefan Sagmeister: The power of time off,"Every seven years, designer Stefan Sagmeister closes his New York studio for a yearlong sabbatical to rejuvenate and refresh their creative outlook. He explains the often overlooked value of time off and shows the innovative projects inspired by his time in Bali.","['seven', 'year', 'designer', 'stefan', 'sagmeister', 'close', 'new', 'york', 'studio', 'yearlong', 'sabbatical', 'rejuvenate', 'refresh', 'creative', 'outlook', 'explain', 'overlook', 'value', 'time', 'show', 'innovative', 'project', 'inspire', 'time', 'bali']","['TED Brain Trust', 'adventure', 'art', 'creativity', 'design', 'happiness', 'innovation', 'work']",2956967,158
Joe Lassiter: We need nuclear power to solve climate change,"Joe Lassiter is a deep thinker and straight talker focused on developing clean, secure and carbon-neutral supplies of reliable, low-cost energy. His analysis of the world's energy realities puts a powerful lens on the stubbornly touchy issue of nuclear power, including new designs for plants that can compete economically with fossil fuels. We have the potential to make nuclear safer and cheaper than it's been in the past, Lassiter says. Now we have to make the choice to pursue it.","['joe', 'lassiter', 'deep', 'thinker', 'straight', 'talker', 'focus', 'develop', 'clean', 'secure', 'carbon', 'neutral', 'supply', 'reliable', 'low', 'cost', 'energy', 'analysis', 'world', 'energy', 'reality', 'put', 'powerful', 'lens', 'stubbornly', 'touchy', 'issue', 'nuclear', 'power', 'include', 'new', 'design', 'plant', 'compete', 'economically', 'fossil', 'fuel', 'potential', 'nuclear', 'safe', 'cheap', 'past', 'lassiter', 'say', 'choice', 'pursue']","['alternative energy', 'choice', 'climate change', 'engineering', 'global issues', 'innovation', 'nuclear energy', 'pollution', 'potential', 'resources', 'science', 'society']",1070583,291
Jamila Raqib: The secret to effective nonviolent resistance,"We're not going to end violence by telling people that it's morally wrong, says Jamila Raqib, executive director of the Albert Einstein Institution. Instead, we must find alternative ways to conduct conflict that are equally powerful and effective. Raqib promotes nonviolent resistance to people living under tyranny -- and there's a lot more to it than street protests. She shares encouraging examples of creative strategies that have led to change around the world and a message of hope for a future without armed conflict. ""The greatest hope for humanity lies not in condemning violence but in making violence obsolete,"" Raqib says.","['go', 'end', 'violence', 'tell', 'people', 'morally', 'wrong', 'say', 'jamila', 'raqib', 'executive', 'director', 'albert', 'einstein', 'institution', 'instead', 'find', 'alternative', 'way', 'conduct', 'conflict', 'equally', 'powerful', 'effective', 'raqib', 'promote', 'nonviolent', 'resistance', 'people', 'live', 'tyranny', 'lot', 'street', 'protest', 'share', 'encourage', 'example', 'creative', 'strategy', 'lead', 'change', 'world', 'message', 'hope', 'future', 'armed', 'conflict', 'great', 'hope', 'humanity', 'lie', 'condemn', 'violence', 'make', 'violence', 'obsolete', 'raqib', 'say']","['big problems', 'collaboration', 'communication', 'community', 'global issues', 'humanity', 'military', 'nonviolence', 'protests', 'security', 'society', 'terrorism', 'violence', 'war']",878864,49
Bill Davenhall: Your health depends on where you live,"Where you live: It impacts your health as much as diet and genes do, but it's not part of your medical records. At TEDMED, Bill Davenhall shows how overlooked government geo-data (from local heart-attack rates to toxic dumpsite info) can mesh with mobile GPS apps to keep doctors in the loop. Call it ""geo-medicine.""","['live', 'impact', 'health', 'diet', 'gene', 'medical', 'record', 'tedmed', 'bill', 'davenhall', 'show', 'overlooked', 'government', 'geo', 'data', 'local', 'heart', 'attack', 'rate', 'toxic', 'dumpsite', 'info', 'mesh', 'mobile', 'gps', 'app', 'doctor', 'loop', 'geo', 'medicine']","['cities', 'health', 'health care', 'heart health', 'medicine', 'public health', 'technology']",761716,111
Jae Rhim Lee: My mushroom burial suit,"Here's a powerful provocation from artist Jae Rhim Lee. Can we commit our bodies to a cleaner, greener Earth, even after death? Naturally -- using a special burial suit seeded with pollution-gobbling mushrooms. Yes, this just might be the strangest TEDTalk you'll ever see ...","['powerful', 'provocation', 'artist', 'jae', 'rhim', 'lee', 'commit', 'body', 'clean', 'greener', 'earth', 'death', 'naturally', 'special', 'burial', 'suit', 'seed', 'pollution', 'gobble', 'mushroom', 'yes', 'strange', 'tedtalk']","['TED Fellows', 'art', 'death', 'design', 'green', 'invention']",1426518,259
Garry Kasparov: Don't fear intelligent machines. Work with them,"We must face our fears if we want to get the most out of technology -- and we must conquer those fears if we want to get the best out of humanity, says Garry Kasparov. One of the greatest chess players in history, Kasparov lost a memorable match to IBM supercomputer Deep Blue in 1997. Now he shares his vision for a future where intelligent machines help us turn our grandest dreams into reality.","['face', 'fear', 'want', 'technology', 'conquer', 'fear', 'want', 'good', 'humanity', 'say', 'garry', 'kasparov', 'great', 'chess', 'player', 'history', 'kasparov', 'lose', 'memorable', 'match', 'ibm', 'supercomputer', 'deep', 'blue', '1997', 'share', 'vision', 'future', 'intelligent', 'machine', 'help', 'turn', 'grandest', 'dream', 'reality']","['AI', 'algorithm', 'computers', 'data', 'future', 'innovation', 'intelligence', 'potential', 'robots', 'social change', 'technology']",1079698,35
Bill Gross: The single biggest reason why startups succeed,"Bill Gross has founded a lot of startups, and incubated many others -- and he got curious about why some succeeded and others failed. So he gathered data from hundreds of companies, his own and other people's, and ranked each company on five key factors. He found one factor that stands out from the others -- and surprised even him.","['bill', 'gross', 'found', 'lot', 'startup', 'incubate', 'get', 'curious', 'succeed', 'fail', 'gather', 'datum', 'hundred', 'company', 'people', 'rank', 'company', 'key', 'factor', 'find', 'factor', 'stand', 'surprise']","['business', 'creativity', 'technology']",3811316,166
Kees Moeliker: How a dead duck changed my life,"One afternoon, Kees Moeliker got a research opportunity few ornithologists would wish for: A flying duck slammed into his glass office building, died, and then ... what happened next would change his life. [Note: Contains graphic images and descriptions of sexual behavior in animals.]","['afternoon', 'kees', 'moeliker', 'get', 'research', 'opportunity', 'ornithologist', 'wish', 'fly', 'duck', 'slam', 'glass', 'office', 'building', 'die', 'happen', 'change', 'life', 'note', 'contain', 'graphic', 'image', 'description', 'sexual', 'behavior', 'animal']","['biology', 'birds', 'environment', 'humor', 'science', 'sex']",1306390,140
Marcus Byrne: The dance of the dung beetle,"A dung beetle has a brain the size of a grain of rice, and yet it shows a tremendous amount of intelligence when it comes to rolling its food source -- animal excrement -- home. How? It all comes down to a dance. ","['dung', 'beetle', 'brain', 'size', 'grain', 'rice', 'show', 'tremendous', 'intelligence', 'come', 'roll', 'food', 'source', 'animal', 'excrement', 'home', 'come', 'dance']","['TEDx', 'animals', 'biodiversity', 'biology', 'ecology', 'insects', 'science', 'sight']",1003863,72
Jonas Eliasson: How to solve traffic jams,"It's an unfortunate reality in nearly every major city—road congestion, especially during rush hours. Jonas Eliasson reveals how subtly nudging just a small percentage of drivers to stay off major roads can make traffic jams a thing of the past.","['unfortunate', 'reality', 'nearly', 'major', 'city', 'road', 'congestion', 'especially', 'rush', 'hour', 'jonas', 'eliasson', 'reveal', 'subtly', 'nudge', 'small', 'percentage', 'driver', 'stay', 'major', 'road', 'traffic', 'jam', 'thing', 'past']","['cars', 'transportation']",1194938,221
Rick Smolan: The story of a girl,"Photographer Rick Smolan tells the unforgettable story of a young Amerasian girl, a fateful photograph, and an adoption saga with a twist.","['photographer', 'rick', 'smolan', 'tell', 'unforgettable', 'story', 'young', 'amerasian', 'girl', 'fateful', 'photograph', 'adoption', 'saga', 'twist']","['art', 'children', 'family', 'global issues', 'media', 'photography', 'storytelling']",1123955,197
"Leah Buechley: How to ""sketch"" with electronics","Designing electronics is generally cumbersome and expensive -- or was, until Leah Buechley and her team at MIT developed tools to treat electronics just like paper and pen. In this talk from TEDYouth 2011, Buechley shows some of her charming designs, like a paper piano you can sketch and then play.","['design', 'electronic', 'generally', 'cumbersome', 'expensive', 'leah', 'buechley', 'team', 'mit', 'develop', 'tool', 'treat', 'electronic', 'like', 'paper', 'pen', 'talk', 'tedyouth', '2011', 'buechley', 'show', 'charming', 'design', 'like', 'paper', 'piano', 'sketch', 'play']","['TEDYouth', 'art', 'design', 'engineering', 'innovation', 'invention', 'play', 'toy', 'youth']",766305,82
